,formatted_address,latitude,longitude,coordinates,accuracy,google_place_id,type,postcode,input_string,number_of_results,status
0,"Place du Québec, 888 3e Avenue Bureau 202, Val-d'Or, QC J9P 1T1, Canada",48.1035096,-77.7892854,"48.1035096,-77.7892854",ROOFTOP,EkhQbGFjZSBkdSBRdcOpYmVjLCA4ODggM2UgQXZlbnVlIEJ1cmVhdSAyMDIsIFZhbC1kJ09yLCBRQyBKOVAgMVQxLCBDYW5hZGEiJhokChYKFAoSCUXKxwcGU99MEW045mFdB3fsEgpCdXJlYXUgMjAy,subpremise,J9P 1T1,"888, 3e Avenue Bureau 202 Val-d'Or (Quebec) J9P 5E6",1,OK
1,"259 1re Ave O, Amos, QC J9T 1V1, Canada",48.5716687,-78.1210475,"48.5716687,-78.1210475",ROOFTOP,ChIJcyKit42SIE0RHgdtBT4K2VQ,street_address,J9T 1V1,"259, 1re Avenue Ouest Amos (Quebec) J9T 1V1",1,OK
2,"1600 Boul Henri-Bourassa O Bureau 540, Montréal, QC H3M 3E2, Canada",45.53653449999999,-73.67865549999999,"45.53653449999999,-73.67865549999999",ROOFTOP,EkQxNjAwIEJvdWwgSGVucmktQm91cmFzc2EgTyBCdXJlYXUgNTQwLCBNb250csOpYWwsIFFDIEgzTSAzRTIsIENhbmFkYSImGiQKFgoUChIJzYtqrYgYyUwRqp5l_raYQG0SCkJ1cmVhdSA1NDA,subpremise,H3M 3E2,"1600, boulevard Henri-Bourassa Ouest Bureau 540 Montréal (Quebec) H3M 3E2",1,OK
3,"7077 Rue Beaubien E Bureau 205, Montréal, QC H1M 3C8, Canada",45.5937616,-73.5576985,"45.5937616,-73.5576985",ROOFTOP,EjU3MDc3IFJ1ZSBCZWF1YmllbiBFIEJ1cmVhdSAyMDUsIE1vbnRyw6lhbCwgUUMsIENhbmFkYSImGiQKFgoUChIJLzqzY34eyUwR5_m9RpbraBYSCkJ1cmVhdSAyMDU,subpremise,H1M 3C8,"7077, rue Beaubien Est Bureau 205 Anjou (Quebec) H1M 2Y2",1,OK
4,"512 Rue Principale, Lachute, QC J8H 3X1, Canada",45.6567435,-74.3345358,"45.6567435,-74.3345358",ROOFTOP,ChIJ64aoD9vbzkwRZyZucqpsbCY,street_address,J8H 3X1,"512, rue Principale Lachute (Quebec) J8H 1Y3",1,OK
5,"201-21 Rue de la Gare, Victoriaville, QC G6P 3Z5, Canada",46.056404,-71.9582636,"46.056404,-71.9582636",ROOFTOP,EjgyMDEtMjEgUnVlIGRlIGxhIEdhcmUsIFZpY3RvcmlhdmlsbGUsIFFDIEc2UCAzWjUsIENhbmFkYSIfGh0KFgoUChIJQ-pJ1HoBuEwRl9g8AKsz_esSAzIwMQ,subpremise,G6P 3Z5,"21, rue de la Gare Suite 201 Victoriaville (Quebec) G6P 3Z3",1,OK
6,"452 Boulevard Vachon N, Sainte-Marie, QC G6E 1M1, Canada",46.4449181,-71.02517499999999,"46.4449181,-71.02517499999999",ROOFTOP,ChIJf-1N4YlWuEwRRExcPEJFTgI,street_address,G6E 1M1,"452, boulevard Vachon Nord Sainte-Marie (Quebec) G6E 1M1",1,OK
7,"1150 107e Rue Bureau 204, Saint-Georges, QC G5Y 8C3, Canada",46.1309987,-70.6782302,"46.1309987,-70.6782302",ROOFTOP,EjsxMTUwIDEwN2UgUnVlIEJ1cmVhdSAyMDQsIFNhaW50LUdlb3JnZXMsIFFDIEc1WSA4QzMsIENhbmFkYSImGiQKFgoUChIJk49ORr-_uUwRG70Zj-MLIeMSCkJ1cmVhdSAyMDQ,subpremise,G5Y 8C3,"1150, 107e Rue Bureau 204 Saint-Georges (Quebec) G5Y 8C3",1,OK
8,"157 Rue Victoria Bureau 100, Salaberry-de-Valleyfield, QC J6T 1A5, Canada",45.25649660000001,-74.1276888,"45.25649660000001,-74.1276888",ROOFTOP,EkkxNTcgUnVlIFZpY3RvcmlhIEJ1cmVhdSAxMDAsIFNhbGFiZXJyeS1kZS1WYWxsZXlmaWVsZCwgUUMgSjZUIDFBNSwgQ2FuYWRhIiYaJAoWChQKEgmfu2JiLk7JTBEkgA2196MdTBIKQnVyZWF1IDEwMA,subpremise,J6T 1A5,"157, rue Victoria Bureau 100 Salaberry-de-Valleyfield (Quebec) J6T 1A5",1,OK
9,"250a QC-279, Saint-Lazare-de-Bellechasse, QC G0R 3J0, Canada",46.6562138,-70.8104188,"46.6562138,-70.8104188",ROOFTOP,ChIJzfZxRq7juEwR-_rRr5yGy0A,street_address,G0R 3J0,"250 A, route 279 Saint-Lazare-de-Bellechasse (Quebec) G0R 3J0",1,OK
10,"61 Chemin de Lavaltrie, Lavaltrie, QC J5T 2H4, Canada",45.8916548,-73.29219739999999,"45.8916548,-73.29219739999999",ROOFTOP,ChIJuZrk60ftyEwR3pXGCS1Jd3k,premise,J5T 2H4,"61, chemin de Lavaltrie Lavaltrie (Quebec) J5T 2H4",1,OK
11,"197 Rue Principale E Bureau 101, Sainte-Agathe-des-Monts, QC J8C, Canada",46.0453656,-74.2791893,"46.0453656,-74.2791893",ROOFTOP,EkQxOTcgUnVlIFByaW5jaXBhbGUgRSBCdXJlYXUgMTAxLCBTYWludGUtQWdhdGhlLWRlcy1Nb250cywgUUMsIENhbmFkYSImGiQKFgoUChIJJ8qlUUsVz0wRyRfUQjO0saISCkJ1cmVhdSAxMDE,subpremise,J8C,"197, rue Principale Est Bureau 101 Sainte-Agathe-des-Monts (Quebec) J8C 1K5",1,OK
12,"369 Boulevard Adolphe-Chapleau Bureau 211, Bois-des-Filion, QC J6Z 1H1, Canada",45.6703591,-73.75512619999999,"45.6703591,-73.75512619999999",ROOFTOP,Ek4zNjkgQm91bGV2YXJkIEFkb2xwaGUtQ2hhcGxlYXUgQnVyZWF1IDIxMSwgQm9pcy1kZXMtRmlsaW9uLCBRQyBKNlogMUgxLCBDYW5hZGEiJhokChYKFAoSCfdcljaX2MhMEbBt0KSJPXgGEgpCdXJlYXUgMjEx,subpremise,J6Z 1H1,"369, boulevard Adolphe-Chapleau Bureau 211 Bois-des-Filion (Quebec) J6Z 1H1",1,OK
13,"314 Boulevard Perron, Maria, QC G0C 1Y0, Canada",48.1131725,-66.150272,"48.1131725,-66.150272",ROOFTOP,ChIJh-1XdnY1mEwRM-_v4nPQcwY,street_address,G0C 1Y0,"314E, boulevard Perron Carleton (Quebec) G0C 1J0",1,OK
14,"888 Rue Laurier, Beloeil, QC J3G 4K7, Canada",45.56918109999999,-73.2013329,"45.56918109999999,-73.2013329",ROOFTOP,ChIJAVZ8ONCqyUwRDM2LtV0C2zw,street_address,J3G 4K7,"888, rue Laurier Beloeil (Quebec) J3G 4K7",1,OK
15,"5879 Boul Henri-Bourassa E Suite 305, Montréal-Nord, QC H1G 2V1, Canada",45.6074096,-73.6193096,"45.6074096,-73.6193096",ROOFTOP,ChIJSzUMmaMfyUwR-JKMYsFDUG4,subpremise,H1G 2V1,"5879, boulevard Henri-Bourassa Est Bureau 305 Montréal-Nord (Quebec) H1G 2V1",1,OK
16,"6070 Rue Sherbrooke E 1er étage, Bureau 105, Montréal, QC H1N 1C1, Canada",45.5778294,-73.54543530000001,"45.5778294,-73.54543530000001",ROOFTOP,Eks2MDcwIFJ1ZSBTaGVyYnJvb2tlIEUgMWVyIMOpdGFnZSwgQnVyZWF1IDEwNSwgTW9udHLDqWFsLCBRQyBIMU4gMUMxLCBDYW5hZGEiMhowChYKFAoSCbMDVuM6HMlMEX5pOy1b1Z-DEhYxZXIgw6l0YWdlLCBCdXJlYXUgMTA1,subpremise,H1N 1C1,"6070, rue Sherbrooke Est 1er étage, Bureau 105 Montréal (Quebec) H1N 1C1",1,OK
17,"170 Rue de Sherbrooke Bureau 205, Cowansville, QC J2K 3J1, Canada",45.1938281,-72.75989539999999,"45.1938281,-72.75989539999999",ROOFTOP,EkExNzAgUnVlIGRlIFNoZXJicm9va2UgQnVyZWF1IDIwNSwgQ293YW5zdmlsbGUsIFFDIEoySyAzSjEsIENhbmFkYSImGiQKFgoUChIJxS4IE3vnyUwRU3uBDk3DRsYSCkJ1cmVhdSAyMDU,subpremise,J2K 3J1,170 rue de Sherbrooke Bureau 205 Cowansville (Quebec) J2K 3Y9,1,OK
18,"2028 Avenue Bourgogne, Chambly, QC J3L 1Z6, Canada",45.4477133,-73.2727499,"45.4477133,-73.2727499",ROOFTOP,ChIJkUFfh2aoyUwRgwft2L-faOE,street_address,J3L 1Z6,"2028, avenue Bourgogne Chambly (Quebec) J3L 1Z6",1,OK
19,"580 Rue Barkoff Bureau 210, Trois-Rivières, QC G8W 2P6, Canada",46.3775928,-72.5518451,"46.3775928,-72.5518451",ROOFTOP,Ejc1ODAgUnVlIEJhcmtvZmYgQnVyZWF1IDIxMCwgVHJvaXMtUml2acOocmVzLCBRQywgQ2FuYWRhIiYaJAoWChQKEgklzHW-isjHTBGJMfuYb90SjxIKQnVyZWF1IDIxMA,subpremise,G8W 2P6,580 rue Barkoff Bureau 210 Trois-Rivières (Quebec) G8T 9T7,1,OK
20,"195 Boulevard Gréber Bureau 206, Gatineau, QC J8T 3R1, Canada",45.4727711,-75.7007746,"45.4727711,-75.7007746",ROOFTOP,Ej4xOTUgQm91bGV2YXJkIEdyw6liZXIgQnVyZWF1IDIwNiwgR2F0aW5lYXUsIFFDIEo4VCAzUjEsIENhbmFkYSImGiQKFgoUChIJMRCjQkYbzkwRx0H9x3onDOYSCkJ1cmVhdSAyMDY,subpremise,J8T 3R1,"195, boulevard Gréber Bureau 206 Gatineau (Quebec) J8T 3R1",1,OK
21,"8500 Boulevard Henri-Bourassa, Québec, QC G1G 5X1, Canada",46.8651096,-71.2703579,"46.8651096,-71.2703579",ROOFTOP,ChIJC-GjGGKWuEwRDSnu0_KZOv0,"establishment,point_of_interest,shopping_mall",G1G 5X1,"Carrefour Charlesbourg 8500, boulevard Henri-Bourassa Bureau 213 Québec (Quebec) G1G 5X1",1,OK
22,"101-10989 Boulevard Sainte-Anne, Beaupré, QC G0A 1E0, Canada",47.0417598,-70.8977719,"47.0417598,-70.8977719",ROOFTOP,Ej0xMDEtMTA5ODkgQm91bGV2YXJkIFNhaW50ZS1Bbm5lLCBCZWF1cHLDqSwgUUMgRzBBIDFFMCwgQ2FuYWRhIh8aHQoWChQKEgmxXFLROcq4TBEbjH1IQ7so2hIDMTAx,subpremise,G0A 1E0,"10989, boulevard Sainte-Anne Suite 101 Beaupré (Quebec) G0A 1E0",1,OK
23,"1680 Avenue Lapierre 2e étage, Québec, QC G3E 1K9, Canada",46.8704665,-71.33773479999999,"46.8704665,-71.33773479999999",ROOFTOP,EjsxNjgwIEF2ZW51ZSBMYXBpZXJyZSAyZSDDqXRhZ2UsIFF1w6liZWMsIFFDIEczRSAxSzksIENhbmFkYSIlGiMKFgoUChIJqbrFs4-iuEwRbvUrJjlOpbcSCTJlIMOpdGFnZQ,subpremise,G3E 1K9,"2e étage 1680, avenue Lapierre Bureau 201 Québec (Quebec) G3E 0G1",2,OK
24,"110 Boulevard Barrette, Chicoutimi, QC G7H 7W8, Canada",48.3938375,-71.0730197,"48.3938375,-71.0730197",GEOMETRIC_CENTER,ChIJ1RIpxi0hwEwRI5LETtwWYFs,premise,G7H 7W8,"110, boulevard Barrette Chicoutimi (Quebec) G7H 7W8",1,OK
25,"4599 Boulevard Samson Bureau 201, Laval, QC H7W 2H2, Canada",45.5293024,-73.7575409,"45.5293024,-73.7575409",ROOFTOP,Ejs0NTk5IEJvdWxldmFyZCBTYW1zb24gQnVyZWF1IDIwMSwgTGF2YWwsIFFDIEg3VyAySDIsIENhbmFkYSImGiQKFgoUChIJ-TksBxwjyUwR9ja7x4FSrIUSCkJ1cmVhdSAyMDE,subpremise,H7W 2H2,"4599, boulevard Samson Bureau 201 Laval (Quebec) H7W 2H2",1,OK
26,"730 Avenue Taniata Bureau 230, Saint-Jean-Chrysostome, QC G6Z 2C5, Canada",46.7344657,-71.21090389999999,"46.7344657,-71.21090389999999",ROOFTOP,Ekk3MzAgQXZlbnVlIFRhbmlhdGEgQnVyZWF1IDIzMCwgU2FpbnQtSmVhbi1DaHJ5c29zdG9tZSwgUUMgRzZaIDJDNSwgQ2FuYWRhIiYaJAoWChQKEgn36eR4oJO4TBGLJUg8NEbGLhIKQnVyZWF1IDIzMA,subpremise,G6Z 2C5,"730, avenue Taniata Bureau 230 Lévis (Quebec) G6Z 2C5",1,OK
27,"233 Boulevard Saint-Jean-Baptiste Bureau 98, Châteauguay, QC J6K 3C3, Canada",45.3486317,-73.7224737,"45.3486317,-73.7224737",ROOFTOP,Ek0yMzMgQm91bGV2YXJkIFNhaW50LUplYW4tQmFwdGlzdGUgQnVyZWF1IDk4LCBDaMOidGVhdWd1YXksIFFDIEo2SyAzQzMsIENhbmFkYSIlGiMKFgoUChIJZaG59LUUyUwRRmOIFwrJqhYSCUJ1cmVhdSA5OA,subpremise,J6K 3C3,"233, boulevard Saint-Jean-Baptiste Bureau 98 Châteauguay (Quebec) J6K 3C3",1,OK
28,"6 Rue Saint Jean Baptiste E bureau 206, Montmagny, QC G5V 1J7, Canada",46.9790172,-70.56232220000001,"46.9790172,-70.56232220000001",ROOFTOP,ChIJb0B6BM_VuEwRUZqz4SwytKU,subpremise,G5V 1J7,"Édifice Amable-Bélanger 6, rue Saint-Jean-Baptiste Est Bureau 206 Montmagny (Quebec) G5V 1J7",1,OK
29,"5800 Boul Cavendish Bureau 403, Côte Saint-Luc, QC H4W 2T5, Canada",45.4758369,-73.6662946,"45.4758369,-73.6662946",ROOFTOP,EkM1ODAwIEJvdWwgQ2F2ZW5kaXNoIEJ1cmVhdSA0MDMsIEPDtHRlIFNhaW50LUx1YywgUUMgSDRXIDJUNSwgQ2FuYWRhIiYaJAoWChQKEgnfN0QzchfJTBFBiz--kqBcWxIKQnVyZWF1IDQwMw,subpremise,H4W 2T5,"5800, boulevard Cavendish Bureau 403 Côte-Saint-Luc (Quebec) H4W 2T5",1,OK
30,"477 25e Av Bureau 230, Saint-Eustache, QC J7P 5G1, Canada",45.5789444,-73.8775787,"45.5789444,-73.8775787",ROOFTOP,Ejk0NzcgMjVlIEF2IEJ1cmVhdSAyMzAsIFNhaW50LUV1c3RhY2hlLCBRQyBKN1AgNUcxLCBDYW5hZGEiJhokChYKFAoSCfOjBZN9L8lMEZQk_aTj-W_vEgpCdXJlYXUgMjMw,subpremise,J7P 5G1,"477, 25e Avenue Bureau 230 Saint-Eustache (Quebec) J7P 4Y1",1,OK
31,"228 Rue Hériot Bureau 203, Drummondville, QC J2C 1K1, Canada",45.88519669999999,-72.48818159999999,"45.88519669999999,-72.48818159999999",ROOFTOP,Ej0yMjggUnVlIEjDqXJpb3QgQnVyZWF1IDIwMywgRHJ1bW1vbmR2aWxsZSwgUUMgSjJDIDFLMSwgQ2FuYWRhIiYaJAoWChQKEgk54YHzbxHITBESB84ye3Q9mRIKQnVyZWF1IDIwMw,subpremise,J2C 1K1,"228, rue Heriot Bureau 203 Drummondville (Quebec) J2C 1K1",1,OK
32,"439 Rue Albert, La Baie, QC G7B 3L5, Canada",48.3394957,-70.8812794,"48.3394957,-70.8812794",ROOFTOP,ChIJb5csD6YewEwR5v5dq6jBn14,street_address,G7B 3L5,"439, rue Albert Saguenay (Quebec) G7B 3L5",1,OK
33,"421 Avenue Arnaud Bureau 202, Sept-Îles, QC G4R 3B3, Canada",50.20439409999999,-66.3868152,"50.20439409999999,-66.3868152",ROOFTOP,Ejw0MjEgQXZlbnVlIEFybmF1ZCBCdXJlYXUgMjAyLCBTZXB0LcOObGVzLCBRQyBHNFIgM0IzLCBDYW5hZGEiJhokChYKFAoSCWuVxxJH3pFMEYeywGguJfztEgpCdXJlYXUgMjAy,subpremise,G4R 3B3,"421, avenue Arnaud Bureau 202 Sept-Îles (Quebec) G4R 3B3",1,OK
34,"538 Rue Principale, Laval, QC H7X 1C8, Canada",45.5303042,-73.8162411,"45.5303042,-73.8162411",ROOFTOP,ChIJKcQ60aIkyUwRAZjkNGSoVmo,street_address,H7X 1C8,"538, rue Principale Laval (Quebec) H7X 1C8",1,OK
35,"11 Rue de la Cathedrale Bureau 102, Gaspé, QC G4X 2V9, Canada",48.8290903,-64.4870387,"48.8290903,-64.4870387",ROOFTOP,Ej4xMSBSdWUgZGUgbGEgQ2F0aGVkcmFsZSBCdXJlYXUgMTAyLCBHYXNww6ksIFFDIEc0WCAyVjksIENhbmFkYSImGiQKFgoUChIJzyOMhiK_m0wRazCOimyNtlcSCkJ1cmVhdSAxMDI,subpremise,G4X 2V9,"11, rue de la Cathédrale Bureau 102 Gaspé (Quebec) G4X 2V9",1,OK
36,"490 Route 105 Bureau 250, Chelsea, QC J9B 1L2, Canada",45.5055393,-75.7838447,"45.5055393,-75.7838447",ROOFTOP,EjU0OTAgUm91dGUgMTA1IEJ1cmVhdSAyNTAsIENoZWxzZWEsIFFDIEo5QiAxTDIsIENhbmFkYSImGiQKFgoUChIJ7xAaYHMdzkwRVqmT0yyca0kSCkJ1cmVhdSAyNTA,subpremise,J9B 1L2,"490, Route 105 Bureau 250 Chelsea (Quebec) J9B 1L2",1,OK
37,"1453 Rue Beaubien E Bureau 201, Montréal, QC H2G 3C6, Canada",45.5417251,-73.5983566,"45.5417251,-73.5983566",ROOFTOP,Ej0xNDUzIFJ1ZSBCZWF1YmllbiBFIEJ1cmVhdSAyMDEsIE1vbnRyw6lhbCwgUUMgSDJHIDNDNiwgQ2FuYWRhIiYaJAoWChQKEgkdckPiQhnJTBEZuMia8IXIJBIKQnVyZWF1IDIwMQ,subpremise,H2G 3C6,"1453, rue Beaubien Est Bureau 201 Montréal (Quebec) H2G 3C6",1,OK
38,"650 Rue Principale, Granby, QC J2G 8L4, Canada",45.40829919999999,-72.7436537,"45.40829919999999,-72.7436537",ROOFTOP,ChIJkSYCsF_OyUwRkorVbXxlllw,premise,J2G 8L4,"650, rue Principale Granby (Quebec) J2G 8L4",1,OK
39,"204 Boulevard Curé-Labelle Bureau 210, Sainte-Thérèse, QC J7E 1V6, Canada",45.6437349,-73.8340187,"45.6437349,-73.8340187",ROOFTOP,EkwyMDQgQm91bGV2YXJkIEN1csOpLUxhYmVsbGUgQnVyZWF1IDIxMCwgU2FpbnRlLVRow6lyw6hzZSwgUUMgSjdFIDFWNiwgQ2FuYWRhIiYaJAoWChQKEglr7n382ifJTBFBZyQgWDf-0xIKQnVyZWF1IDIxMA,subpremise,J7E 1V6,"204, boulevard du Curé-Labelle Bureau 210 Sainte-Thérèse (Quebec) J7E 2X7",1,OK
40,"2030 Boulevard Pie-IX bureau 300, Montréal, QC H1V 2C8, Canada",45.550358,-73.542698,"45.550358,-73.542698",ROOFTOP,ChIJVVVV4IkbyUwRXt2RgtoXXGw,subpremise,H1V 2C8,"2030, boulevard Pie-IX Bureau 300 Montréal (Quebec) H1V 2C8",1,OK
41,"259 Boulevard Saint-Joseph Bureau 207, Gatineau, QC J8Y 6T1, Canada",45.4370828,-75.73338,"45.4370828,-75.73338",ROOFTOP,ChIJz5ceVpsEzkwRZwT1AIy1USg,subpremise,J8Y 6T1,"259, boulevard Saint-Joseph Bureau 207 Gatineau (Quebec) J8Y 6T1",1,OK
42,"263 Rue Saint-Joseph, Sainte-Martine, QC J0S 1V0, Canada",45.252911,-73.7973738,"45.252911,-73.7973738",ROOFTOP,ChIJ2xaU2g5pyUwRVYihDkxD0No,street_address,J0S 1V0,"263, boul. Saint-Joseph Sainte-Martine (Quebec) J0S 1V0",1,OK
43,"327 2e Avenue, Saint-Jean-sur-Richelieu, QC J2X 2E4, Canada",45.304128,-73.234758,"45.304128,-73.234758",ROOFTOP,ChIJtd-n1fuiyUwRrW_9d8AgebA,street_address,J2X 2E4,"327, 2e Avenue Saint-Jean-sur-Richelieu (Quebec) J2X 2B5",1,OK
44,"620 Boul Saint-Jean, Pointe-Claire, QC H9R 3K2, Canada",45.4602373,-73.8232325,"45.4602373,-73.8232325",ROOFTOP,ChIJo6isVmk8yUwRoZFIUpqeoNQ,"bank,establishment,finance,point_of_interest",H9R 3K2,"Place Scotia 620, boulevard Saint-Jean Bureau 206 Pointe-Claire (Quebec) H9R 3K2",1,OK
45,"1750 Avenue de Vitré Bureau 303, Québec, QC G1J 1Z6, Canada",46.8370409,-71.22360010000001,"46.8370409,-71.22360010000001",ROOFTOP,EjUxNzUwIEF2ZW51ZSBkZSBWaXRyw6kgQnVyZWF1IDMwMywgUXXDqWJlYywgUUMsIENhbmFkYSImGiQKFgoUChIJAYUJUh6WuEwRgxX2nE5Su50SCkJ1cmVhdSAzMDM,subpremise,G1J 1Z6,"1750, avenue De Vitré Bureau 303 Québec (Quebec) G1J 1Z6",1,OK
46,"969 Rte de l'Église Bureau 310, Québec, QC G1V 3V4, Canada",46.7741045,-71.29825,"46.7741045,-71.29825",ROOFTOP,Ejw5NjkgUnRlIGRlIGwnw4lnbGlzZSBCdXJlYXUgMzEwLCBRdcOpYmVjLCBRQyBHMVYgM1Y0LCBDYW5hZGEiJhokChYKFAoSCUWVmJzVlrhMEW1xpruxrfhrEgpCdXJlYXUgMzEw,subpremise,G1V 3V4,"969, route de l'Église Bureau 310 Québec (Quebec) G1V 3V4",1,OK
47,"5450 Rue Jarry E Bureau 100, Saint-Léonard, QC H1P 1T9, Canada",45.5847617,-73.5904071,"45.5847617,-73.5904071",ROOFTOP,Ej81NDUwIFJ1ZSBKYXJyeSBFIEJ1cmVhdSAxMDAsIFNhaW50LUzDqW9uYXJkLCBRQyBIMVAgMVQ5LCBDYW5hZGEiJhokChYKFAoSCUsmwdDtHslMEbznlKyuIlbAEgpCdXJlYXUgMTAw,subpremise,H1P 1T9,"5450, rue Jarry Est Bureau 100 Saint-Léonard (Quebec) H1P 1T9",1,OK
48,"641 Rue Saint-Pierre, Drummondville, QC J2C 3W6, Canada",45.88153,-72.505353,"45.88153,-72.505353",ROOFTOP,ChIJzclCgt8TyEwRlVz6ZeDK4oI,street_address,J2C 3W6,"641, rue Saint-Pierre Drummondville (Quebec) J2C 3W6",1,OK
49,"970 Rue Saint-Louis, Joliette, QC J6E 3A4, Canada",46.0211496,-73.45089779999999,"46.0211496,-73.45089779999999",ROOFTOP,ChIJaU81-si9yEwRXDJFbQ8Ao84,street_address,J6E 3A4,"970, rue Saint-Louis Joliette (Quebec) J6E 3A4",1,OK
50,"2240 Rue Montpetit, Jonquière, QC G7X 6A3, Canada",48.4121669,-71.25270189999999,"48.4121669,-71.25270189999999",ROOFTOP,ChIJ--dU1iEpwEwR_uy0cW21DLc,street_address,G7X 6A3,"2240, rue Montpetit RC Jonquière (Quebec) G7X 6A3",1,OK
51,"831 Boulevard de l'Ange Gardien N Bureau 208, L'Assomption, QC J5W 1P5, Canada",45.839002,-73.414469,"45.839002,-73.414469",ROOFTOP,ChIJDball1bpyEwR67oLhtmR91M,"establishment,local_government_office,point_of_interest",J5W 1P5,"831, boulevard de l'Ange-Gardien Nord Bureau 208 L'Assomption (Quebec) J5W 1P5",1,OK
52,"5121 Boulevard Chauveau O Bureau 201, Québec, QC G2E 5A6, Canada",46.8196053,-71.3669345,"46.8196053,-71.3669345",ROOFTOP,EkE1MTIxIEJvdWxldmFyZCBDaGF1dmVhdSBPIEJ1cmVhdSAyMDEsIFF1w6liZWMsIFFDIEcyRSA1QTYsIENhbmFkYSImGiQKFgoUChIJ9WP5RbKZuEwRwWmxkvHhqo8SCkJ1cmVhdSAyMDE,subpremise,G2E 5A6,"5121, boulevard Chauveau Ouest Bureau 201 Québec (Quebec) G2E 5A6",1,OK
53,"6300 Avenue Auteuil bureau 425, Brossard, QC J4Z 3P2, Canada",45.46758029999999,-73.46425719999999,"45.46758029999999,-73.46425719999999",ROOFTOP,Ejw2MzAwIEF2ZW51ZSBBdXRldWlsIGJ1cmVhdSA0MjUsIEJyb3NzYXJkLCBRQyBKNFogM1AyLCBDYW5hZGEiJhokChYKFAoSCV1RMhWCBclMEdunyVQm-RwgEgpidXJlYXUgNDI1,subpremise,J4Z 3P2,"6300, avenue Auteuil bureau 425 Brossard (Quebec) J4Z 3P2",1,OK
54,"26 Boulevard Taschereau Bureau 306, La Prairie, QC J5R 5G2, Canada",45.42610920000001,-73.48311919999999,"45.42610920000001,-73.48311919999999",ROOFTOP,EjoyNiBCb3VsZXZhcmQgVGFzY2hlcmVhdSBCdXJlYXUgMzA2LCBMYSBQcmFpcmllLCBRQywgQ2FuYWRhIiYaJAoWChQKEgnhp7AEAg_JTBEwFkxsKF8hohIKQnVyZWF1IDMwNg,subpremise,J5R 5G2,"26, boul. Taschereau Bureau 306 La Prairie (Quebec) J5R 0R9",1,OK
55,"9094 Boulevard Maurice-Duplessis, Montréal, QC H1E 7C2, Canada",45.6438236,-73.5731246,"45.6438236,-73.5731246",ROOFTOP,ChIJKVqFCc3hyEwRAupBfRZH6LA,street_address,H1E 7C2,"9094, boulevard Maurice-Duplessis Montréal (Quebec) H1E 7C2",1,OK
56,"499 Rue Charbonneau Bureau 202, Mont-Tremblant, QC J8E 3H4, Canada",46.1202899,-74.5943604,"46.1202899,-74.5943604",ROOFTOP,EkI0OTkgUnVlIENoYXJib25uZWF1IEJ1cmVhdSAyMDIsIE1vbnQtVHJlbWJsYW50LCBRQyBKOEUgM0g0LCBDYW5hZGEiJhokChYKFAoSCU-epecCdc9MEYOPxx4hXVEQEgpCdXJlYXUgMjAy,subpremise,J8E 3H4,"499, rue Charbonneau Bureau 202 Mont-Tremblant (Quebec) J8E 3H4",1,OK
57,"510 Rue Sacré-Coeur O, Alma, QC G8B 1M3, Canada",48.5498871,-71.6498149,"48.5498871,-71.6498149",ROOFTOP,ChIJz_AAzC926kwRfmSw7llTaqY,street_address,G8B 1M3,"A-510, rue Sacré-Coeur Ouest Alma (Quebec) G8B 1L9",1,OK
58,"228 Rue de Woodstock, Saint-Lambert, QC J4P 3R5, Canada",45.4999647,-73.50952579999999,"45.4999647,-73.50952579999999",ROOFTOP,ChIJR-rDBdEayUwRzpzNAiozPmc,street_address,J4P 3R5,"228, rue de Woodstock Saint-Lambert (Quebec) J4P 3R5",1,OK
59,"529 Rue Jarry E, Montréal, QC H2P 1V4, Canada",45.5435667,-73.6288418,"45.5435667,-73.6288418",ROOFTOP,ChIJz7rwVB8ZyUwR7Bs2rRZJ-wo,"doctor,establishment,health,point_of_interest",H2P 1V4,"529, rue Jarry Est Bureau 401 Montréal (Quebec) H2P 1V4",2,OK
60,"400 Boulevard Saint-Martin O Bureau 309, Laval, QC H7M 3Y8, Canada",45.5769254,-73.7109564,"45.5769254,-73.7109564",ROOFTOP,EkI0MDAgQm91bGV2YXJkIFNhaW50LU1hcnRpbiBPIEJ1cmVhdSAzMDksIExhdmFsLCBRQyBIN00gM1k4LCBDYW5hZGEiJhokChYKFAoSCTkN28WHIclMEStUG-QicPxzEgpCdXJlYXUgMzA5,subpremise,H7M 3Y8,"400, boulevard Saint-Martin Ouest Bureau 309 Laval (Quebec) H7M 3Y8",1,OK
61,"695 Avenue de la Station, Shawinigan, QC G9N 1B3, Canada",46.5417806,-72.7522946,"46.5417806,-72.7522946",ROOFTOP,ChIJX7kqbxxMxkwRjEYICzxHzB4,premise,G9N 1B3,"695, avenue de la Station Rez-de-chaussée Shawinigan (Quebec) G9N 1V9",1,OK
62,"193 Boulevard Ste Anne, Sainte-Anne-des-Plaines, QC J0N 1H0, Canada",45.7620583,-73.81293099999999,"45.7620583,-73.81293099999999",ROOFTOP,ChIJ-0apAMPQyEwRCPVf3aLQIwM,premise,J0N 1H0,"193, boulevard Sainte-Anne Sainte-Anne-des-Plaines (Quebec) J0N 1H0",1,OK
63,"257 Rue Notre-Dame Ouest, Thetford Mines, QC G6G 1J7, Canada",46.0875958,-71.3039017,"46.0875958,-71.3039017",ROOFTOP,ChIJyb3eE60xuEwRlA9CbrYXtk4,premise,G6G 1J7,"257, rue Notre-Dame Ouest Thetford Mines (Quebec) G6G 1J7",1,OK
64,"810 Route Jean-Gauvin Bureau 202, Québec, QC G2G 1P8, Canada",46.7637288,-71.3701593,"46.7637288,-71.3701593",ROOFTOP,Ej04MTAgUm91dGUgSmVhbi1HYXV2aW4gQnVyZWF1IDIwMiwgUXXDqWJlYywgUUMgRzJHIDFQOCwgQ2FuYWRhIiYaJAoWChQKEgnhH5yVDZq4TBGb99G2s0BWXBIKQnVyZWF1IDIwMg,subpremise,G2G 1P8,"810, route Jean-Gauvin Bureau 202 Québec (Quebec) G1X 0B6",1,OK
65,"5955 Rue Saint-Laurent Bureau 210, Lévis, QC G6V 3P5, Canada",46.8096318,-71.186869,"46.8096318,-71.186869",ROOFTOP,ChIJwc3Mc7-VuEwROaIkQOn_Ii0,subpremise,G6V 3P5,"5955, rue Saint-Laurent Bureau 210 Lévis (Quebec) G6V 3P5",1,OK
66,"7655 Blvd. Newman Bureau 311, LaSalle, QC H8N 1X7, Canada",45.4391621,-73.62337339999999,"45.4391621,-73.62337339999999",ROOFTOP,Ejk3NjU1IEJsdmQuIE5ld21hbiBCdXJlYXUgMzExLCBMYVNhbGxlLCBRQyBIOE4gMVg3LCBDYW5hZGEiJhokChYKFAoSCaNpAH8kEclMEVfxnwohIMdvEgpCdXJlYXUgMzEx,subpremise,H8N 1X7,"7655, boulevard Newman Bureau 311 LaSalle (Quebec) H8N 1X7",1,OK
67,"1045 Rue des Parlementaires, Québec, QC G1A 1A3, Canada",46.808706,-71.2141788,"46.808706,-71.2141788",ROOFTOP,ChIJb7O4NtiVuEwROoa3BZWSsLA,"establishment,point_of_interest,tourist_attraction",G1A 1A3,"Hôtel du Parlement 1045, rue des Parlementaires 3e étage, Bureau 3.86 Québec (Quebec) G1A 1A4",1,OK
68,"655 32e Avenue Bureau 202, Lachine, QC H8T 3G6, Canada",45.4408552,-73.6928324,"45.4408552,-73.6928324",ROOFTOP,EjY2NTUgMzJlIEF2ZW51ZSBCdXJlYXUgMjAyLCBMYWNoaW5lLCBRQyBIOFQgM0c2LCBDYW5hZGEiJhokChYKFAoSCalsFcj1FslMERcoxL33Ej4PEgpCdXJlYXUgMjAy,subpremise,H8T 3G6,"655, 32e Avenue Bureau 202 Lachine (Quebec) H8T 3G6",1,OK
69,"429 Boulevard Saint Laurent E, Louiseville, QC J5V, Canada",46.2568255,-72.92988919999999,"46.2568255,-72.92988919999999",RANGE_INTERPOLATED,EjY0MjkgQm91bGV2YXJkIFNhaW50IExhdXJlbnQgRSwgTG91aXNldmlsbGUsIFFDLCBDYW5hZGEiGxIZChQKEgkrFezgHizGTBHdgehXyaOwnhCtAw,street_address,J5V,"429, boul. St-Laurent Est Louiseville (Quebec) J5V 1H5",1,OK
70,"3101 Chemin Ste Marie Bureau 108, Mascouche, QC J7K 1P2, Canada",45.743029,-73.597629,"45.743029,-73.597629",ROOFTOP,Ej8zMTAxIENoZW1pbiBTdGUgTWFyaWUgQnVyZWF1IDEwOCwgTWFzY291Y2hlLCBRQyBKN0sgMVAyLCBDYW5hZGEiJhokChYKFAoSCQXhrcCi3chMEZzKmcAcAG2bEgpCdXJlYXUgMTA4,subpremise,J7K 1P2,"3101, chemin Sainte-Marie Bureau 108 Mascouche (Quebec) J7K 1P2",1,OK
71,"121 Avenue Fraser, Matane, QC G4W 3G8, Canada",48.8505839,-67.5388426,"48.8505839,-67.5388426",RANGE_INTERPOLATED,Ei0xMjEgQXZlbnVlIEZyYXNlciwgTWF0YW5lLCBRQyBHNFcgM0c4LCBDYW5hZGEiGhIYChQKEgntIMy2wsCWTBHU11x6gtW0TRB5,street_address,G4W 3G8,"121, avenue Fraser Matane (Quebec) G4W 3G8",1,OK
72,"1421 Rue Fleury E, Montréal, QC H2C 1R9, Canada",45.5614351,-73.6573811,"45.5614351,-73.6573811",ROOFTOP,ChIJB09GuLYYyUwRzOfKzrPAS3Y,street_address,H2C 1R9,"1421, rue Fleury Est Montréal (Quebec) H2C 1R9",1,OK
73,"1012 Avenue du Mont-Royal E Bureau 102, Montréal, QC H2J 1X6, Canada",45.5274405,-73.579291,"45.5274405,-73.579291",ROOFTOP,EkUxMDEyIEF2ZW51ZSBkdSBNb250LVJveWFsIEUgQnVyZWF1IDEwMiwgTW9udHLDqWFsLCBRQyBIMkogMVg2LCBDYW5hZGEiJhokChYKFAoSCdtw2JfaG8lMEQVnzVqoc1O1EgpCdXJlYXUgMTAy,subpremise,H2J 1X6,"1012, avenue du Mont-Royal Est Bureau 102 Montréal (Quebec) H2J 1X6",1,OK
74,"3131 Boulevard de la Concorde E bureau 303, Laval, QC H7E 4W4, Canada",45.593546,-73.666968,"45.593546,-73.666968",ROOFTOP,ChIJkwXe-tshyUwRO6JhK9rPiSo,subpremise,H7E 4W4,"3131, boulevard de la Concorde Est Bureau 303 Laval (Quebec) H7E 4W4",1,OK
75,"95 Chemin Principal local 101, Saint-Joseph-du-Lac, QC J0N 1M0, Canada",45.51461159999999,-73.9792087,"45.51461159999999,-73.9792087",ROOFTOP,EkY5NSBDaGVtaW4gUHJpbmNpcGFsIGxvY2FsIDEwMSwgU2FpbnQtSm9zZXBoLWR1LUxhYywgUUMgSjBOIDFNMCwgQ2FuYWRhIiUaIwoWChQKEgmdGggqtDHJTBFBQbiX5iAyNhIJbG9jYWwgMTAx,subpremise,J0N 1M0,"95, chemin Principal, local 101 Saint-Joseph-du-Lac (Quebec) J0N 1M0",1,OK
76,"5151 Rue de la Savane Bureau 201, Montréal, QC H4P 1V1, Canada",45.499944,-73.657541,"45.499944,-73.657541",ROOFTOP,Ej81MTUxIFJ1ZSBkZSBsYSBTYXZhbmUgQnVyZWF1IDIwMSwgTW9udHLDqWFsLCBRQyBINFAgMVYxLCBDYW5hZGEiJhokChYKFAoSCdOxAoLNGclMETX5dZzYksRpEgpCdXJlYXUgMjAx,subpremise,H4P 1V1,"5151, rue de la Savane Bureau 201 Montréal (Quebec) H4P 1V1",1,OK
77,"1570 Rue Ampère Bureau 500, Boucherville, QC J4B 5Z5, Canada",45.5721031,-73.414171,"45.5721031,-73.414171",ROOFTOP,Ej0xNTcwIFJ1ZSBBbXDDqHJlIEJ1cmVhdSA1MDAsIEJvdWNoZXJ2aWxsZSwgUUMgSjRCIDVaNSwgQ2FuYWRhIiYaJAoWChQKEgkrVY0F_QLJTBHrBGQYfDiyKhIKQnVyZWF1IDUwMA,subpremise,J4B 5Z5,"1570, rue Ampère Bureau 500 Boucherville (Quebec) J4B 7L4",1,OK
78,"2400 Boulevard Louis-XIV Bureau 203, Québec, QC G1C 5Y8, Canada",46.8939763,-71.2089709,"46.8939763,-71.2089709",ROOFTOP,EkAyNDAwIEJvdWxldmFyZCBMb3Vpcy1YSVYgQnVyZWF1IDIwMywgUXXDqWJlYywgUUMgRzFDIDVZOCwgQ2FuYWRhIiYaJAoWChQKEglP_jE1XLy4TBEWUJYqmVi6UhIKQnVyZWF1IDIwMw,subpremise,G1C 5Y8,"2400, boulevard Louis-XIV Bureau 203 Québec (Quebec) G1C 5Y8",1,OK
79,"5600 Rue Frontenac Bureau 201, Lac-Mégantic, QC G6B 1H5, Canada",45.5737983,-70.88100779999999,"45.5737983,-70.88100779999999",ROOFTOP,EkA1NjAwIFJ1ZSBGcm9udGVuYWMgQnVyZWF1IDIwMSwgTGFjLU3DqWdhbnRpYywgUUMgRzZCIDFINSwgQ2FuYWRhIiYaJAoWChQKEgklLPxmjUa3TBGyXDmUY2syqBIKQnVyZWF1IDIwMQ,subpremise,G6B 1H5,"5600, rue Frontenac Bureau 201 Lac-Mégantic (Quebec) G6B 1H5",1,OK
80,"3535 Boulevard Saint-Charles Bureau 400, Kirkland, QC H9H 5B9, Canada",45.4567986,-73.86171329999999,"45.4567986,-73.86171329999999",ROOFTOP,EkUzNTM1IEJvdWxldmFyZCBTYWludC1DaGFybGVzIEJ1cmVhdSA0MDAsIEtpcmtsYW5kLCBRQyBIOUggNUI5LCBDYW5hZGEiJhokChYKFAoSCR3TnNjtO8lMEeXkwgKRsutyEgpCdXJlYXUgNDAw,subpremise,H9H 5B9,"3535, boulevard Saint-Charles Bureau 400 Kirkland (Quebec) H9H 5B9",1,OK
81,"625 Avenue Godefroy Bureau 202, Bécancour, QC G9H 1S4, Canada",46.2973355,-72.5387638,"46.2973355,-72.5387638",ROOFTOP,Ej42MjUgQXZlbnVlIEdvZGVmcm95IEJ1cmVhdSAyMDIsIELDqWNhbmNvdXIsIFFDIEc5SCAxUzQsIENhbmFkYSImGiQKFgoUChIJL1XE2AnFx0wRZNCovSMTt3ISCkJ1cmVhdSAyMDI,subpremise,G9H 1S4,"625, avenue Godefroy Bureau 202 Bécancour (Quebec) G9H 1S3",1,OK
82,"5252 Boulevard de Maisonneuve O Bureau 210, Montréal, QC H4A 3S5, Canada",45.473354,-73.604638,"45.473354,-73.604638",ROOFTOP,Ekk1MjUyIEJvdWxldmFyZCBkZSBNYWlzb25uZXV2ZSBPIEJ1cmVhdSAyMTAsIE1vbnRyw6lhbCwgUUMgSDRBIDNTNSwgQ2FuYWRhIiYaJAoWChQKEgm_w2_ApBDJTBGSmIdqItpl7xIKQnVyZWF1IDIxMA,subpremise,H4A 3S5,"5252, boulevard De Maisonneuve Ouest Bureau 210 Montréal (Quebec) H4A 3S5",1,OK
83,"343 Rue Principale O, Magog, QC J1X 2B1, Canada",45.26609699999999,-72.152119,"45.26609699999999,-72.152119",ROOFTOP,ChIJB79D-fI3tkwRKwae1OKkL4M,street_address,J1X 2B1,"343, rue Principale Ouest Magog (Quebec) J1X 2B1",1,OK
84,"564 Ave. de Buckingham, Gatineau, QC J8L 2H1, Canada",45.5853575,-75.4157408,"45.5853575,-75.4157408",ROOFTOP,ChIJx8oXBS8-zkwRJeOJA1ZKkKU,street_address,J8L 2H1,"564, avenue de Buckingham Gatineau (Quebec) J8L 2H1",1,OK
85,"500 Boulevard Saint-Jean-Baptiste bureau 100, Pointe-aux-Trembles, QC H1B 3Z7, Canada",45.6398698,-73.490791,"45.6398698,-73.490791",ROOFTOP,ChIJ__-zAELiyEwRaViizhFJJsI,subpremise,H1B 3Z7,"500, boulevard Saint-Jean-Baptiste Bureau 100 Montréal (Quebec) H1B 3Z7",1,OK
86,"181 Rue Principale, Gatineau, QC J9H 6A6, Canada",45.3966667,-75.8363889,"45.3966667,-75.8363889",ROOFTOP,ChIJ22Fo7YwBzkwRJFUt8Had2FY,"establishment,point_of_interest,shopping_mall",J9H 6A6,"Les Galeries Aylmer 181, rue Principale Bureau A1 Gatineau (Quebec) J9H 6A6",1,OK
87,"118 Rue Saint Pierre, Saint-Raymond, QC G3L 1P5, Canada",46.8884273,-71.8358168,"46.8884273,-71.8358168",ROOFTOP,ChIJS5wGfW5px0wR-kTP_KEeY2Y,premise,G3L 1P5,"118, rue Saint-Pierre Saint-Raymond (Quebec) G3L 1P6",1,OK
88,"2894 Boulevard du Curé-Labelle Bureau 101, Prévost, QC J0R 1T0, Canada",45.8595542,-74.07045529999999,"45.8595542,-74.07045529999999",ROOFTOP,EkgyODk0IEJvdWxldmFyZCBkdSBDdXLDqS1MYWJlbGxlIEJ1cmVhdSAxMDEsIFByw6l2b3N0LCBRQyBKMFIgMVQwLCBDYW5hZGEiJhokChYKFAoSCTV8XW0gLs9MEXMSlOiCczeOEgpCdXJlYXUgMTAx,subpremise,J0R 1T0,"2894, boulevard du Curé-Labelle Bureau 101 Prévost (Quebec) J0R 1T0",1,OK
89,"852 Rue Bossé, Baie-Comeau, QC G5C 1L6, Canada",49.1930897,-68.2583568,"49.1930897,-68.2583568",ROOFTOP,ChIJbfc6yY0LlEwRBPEI7KwmXy8,subpremise,G5C 1L6,"852, rue Bossé Baie-Comeau (Quebec) G5C 1L6",1,OK
90,"522 Rue Notre-Dame Bureau 102, Repentigny, QC J6A 2T8, Canada",45.7420355,-73.4411315,"45.7420355,-73.4411315",ROOFTOP,Ej01MjIgUnVlIE5vdHJlLURhbWUgQnVyZWF1IDEwMiwgUmVwZW50aWdueSwgUUMgSjZBIDJUOCwgQ2FuYWRhIiYaJAoWChQKEgnpn0L5xuXITBFt-ylg31bYZBIKQnVyZWF1IDEwMg,subpremise,J6A 2T8,"522, rue Notre-Dame Bureau 102 Repentigny (Quebec) J6A 2T8",1,OK
91,"50 Rue du Roi Bureau 100, Sorel-Tracy, QC J3P 4M7, Canada",46.0445814,-73.1164975,"46.0445814,-73.1164975",ROOFTOP,Ejk1MCBSdWUgZHUgUm9pIEJ1cmVhdSAxMDAsIFNvcmVsLVRyYWN5LCBRQyBKM1AgNE03LCBDYW5hZGEiJhokChYKFAoSCSnqogedhchMEfuRe1hFg_ApEgpCdXJlYXUgMTAw,subpremise,J3P 4M7,"50, rue du Roi Bureau 100 Sorel-Tracy (Quebec) J3P 4M7",1,OK
92,"192 Rue du Roi, Asbestos, QC J1T 1S3, Canada",45.7756312,-71.9364425,"45.7756312,-71.9364425",ROOFTOP,ChIJUwuOzMnut0wRg74oaPvmZZE,street_address,J1T 1S3," 192, rue du Roi Asbestos (Quebec) J1T 1S3",1,OK
93,"320 Rue Saint Germain E Bureau 400, Rimouski, QC G5L 1C2, Canada",48.4598051,-68.5180768,"48.4598051,-68.5180768",ROOFTOP,ChIJ-f-vFOrZlUwRH6FqRkBKJj4,subpremise,G5L 1C2,"320, rue Saint-Germain Est Bureau 400 Rimouski (Quebec) G5L 1C2",1,OK
94,"320, boul. de l'Hôtel de Ville #200, Rivière-du-Loup, QC G5R 5C6, Canada",47.8215211,-69.5580841,"47.8215211,-69.5580841",GEOMETRIC_CENTER,ChIJYzx6ZThHvkwRWO2ah4LUyu4,"establishment,finance,health,insurance_agency,point_of_interest",G5R 5C6,"320, boulevard de l’Hôtel-de-Ville Bureau 105 Rivière-du-Loup (Quebec) G5R 5C6",1,OK
95,"3869 Boulevard des Sources Bureau 203, Dollard-des-Ormeaux, QC H9B 2A2, Canada",45.4911079,-73.8033567,"45.4911079,-73.8033567",ROOFTOP,Ek4zODY5IEJvdWxldmFyZCBkZXMgU291cmNlcyBCdXJlYXUgMjAzLCBEb2xsYXJkLWRlcy1Pcm1lYXV4LCBRQyBIOUIgMkEyLCBDYW5hZGEiJhokChYKFAoSCT-PbJyVPMlMEV51okbCwA45EgpCdXJlYXUgMjAz,subpremise,H9B 2A2,"3869, boulevard des Sources Bureau 203 Dollard-des-Ormeaux (Quebec) H9B 2A2",1,OK
96,"729 Boulevard Saint-Joseph Bureau 203, Roberval, QC G8H 2L4, Canada",48.5157877,-72.2212342,"48.5157877,-72.2212342",ROOFTOP,EkM3MjkgQm91bGV2YXJkIFNhaW50LUpvc2VwaCBCdXJlYXUgMjAzLCBSb2JlcnZhbCwgUUMgRzhIIDJMNCwgQ2FuYWRhIiYaJAoWChQKEgkx-ClvcfnBTBHRPLsev37alBIKQnVyZWF1IDIwMw,subpremise,G8H 2L4,"729, boulevard St-Joseph Bureau 203 Roberval (Quebec) G8H 2L4",1,OK
97,"3308 Boulevard Rosemont, Montréal, QC H1X 1K2, Canada",45.5535457,-73.5798834,"45.5535457,-73.5798834",ROOFTOP,ChIJTa7bV1QZyUwRbQhIrsjHjgw,street_address,H1X 1K2,"3308, boulevard Rosemont Montréal (Quebec) H1X 1K2",1,OK
98,"461 Rue du Parc, Saint-Lin - Laurentides, QC J5M 3A2, Canada",45.8517204,-73.753438,"45.8517204,-73.753438",RANGE_INTERPOLATED,Ejw0NjEgUnVlIGR1IFBhcmMsIFNhaW50LUxpbiAtIExhdXJlbnRpZGVzLCBRQyBKNU0gM0EyLCBDYW5hZGEiGxIZChQKEgmLAaRnoM_ITBFZkA2Nh7xdwxDNAw,street_address,J5M 3A2,"461, rue du Parc Saint-Lin-Laurentides (Quebec) J5M 3A2",1,OK
99,"103-170 Avenue Principale, Rouyn-Noranda, QC J9X 4P7, Canada",48.238523,-79.02038639999999,"48.238523,-79.02038639999999",ROOFTOP,EjwxMDMtMTcwIEF2ZW51ZSBQcmluY2lwYWxlLCBSb3V5bi1Ob3JhbmRhLCBRQyBKOVggNFA3LCBDYW5hZGEiHxodChYKFAoSCcHVoq-eMyFNEcFDZDIzUBksEgMxMDM,subpremise,J9X 4P7,"Suite 103 170, avenue Principale Rouyn-Noranda (Quebec) J9X 4P7",1,OK
100,"373 Rue King E Suite 203-A, Sherbrooke, QC J1G 1A8, Canada",45.4080437,-71.8808348,"45.4080437,-71.8808348",ROOFTOP,ChIJswPPfgezt0wRvvwKJofjYsg,subpremise,J1G 1A8,"373, rue King Est 2e étage, suite 203-B Sherbrooke (Quebec) J1G 1B4",1,OK
101,"3269 Rue Saint-Jacques, Montréal, QC H4C 1G8, Canada",45.483014,-73.581135,"45.483014,-73.581135",ROOFTOP,ChIJf9mP0HYayUwRKejNrkpEnS4,street_address,H4C 1G8,"3269, rue Saint-Jacques Montréal (Quebec) H4C 1G8",1,OK
102,"2685 Boulevard Casavant O Bureau 215, Saint-Hyacinthe, QC J2S 8B8, Canada",45.6316924,-72.9696991,"45.6316924,-72.9696991",ROOFTOP,EkkyNjg1IEJvdWxldmFyZCBDYXNhdmFudCBPIEJ1cmVhdSAyMTUsIFNhaW50LUh5YWNpbnRoZSwgUUMgSjJTIDhCOCwgQ2FuYWRhIiYaJAoWChQKEgmpLdSfEU7ITBHEc4dsVGJMuhIKQnVyZWF1IDIxNQ,subpremise,J2S 8B8,"2685, boulevard Casavant Ouest Bureau 215 Saint-Hyacinthe (Quebec) J2S 2B8",1,OK
103,"188 Rue Longueuil, Saint-Jean-sur-Richelieu, QC J3B 6P1, Canada",45.3057058,-73.2549531,"45.3057058,-73.2549531",ROOFTOP,ChIJqbxw6E-iyUwRBE9FDtMahQo,street_address,J3B 6P1,"188, rue Longueuil Saint-Jean-sur-Richelieu (Quebec) J3B 6P1",1,OK
104,"227 Rue Saint Georges Bureau 205, Saint-Jérôme, QC J7Z 5A1, Canada",45.7744566,-74.0025385,"45.7744566,-74.0025385",ROOFTOP,EkQyMjcgUnVlIFNhaW50IEdlb3JnZXMgQnVyZWF1IDIwNSwgU2FpbnQtSsOpcsO0bWUsIFFDIEo3WiA1QTEsIENhbmFkYSImGiQKFgoUChIJ0YuaOqcsz0wR2HaA4M8CQxUSCkJ1cmVhdSAyMDU,subpremise,J7Z 5A1,"227, rue Saint-Georges Bureau 205 Saint-Jérôme (Quebec) J7Z 5A1",1,OK
105,"5255 Boul Henri-Bourassa O #208, Saint-Laurent, QC H4R 2M6, Canada",45.5211313,-73.7106105,"45.5211313,-73.7106105",ROOFTOP,ChIJA5DVyAEYyUwRKUJkPKVaEHs,"establishment,point_of_interest",H4R 2M6,"3e étage 5255, boulevard Henri-Bourassa Ouest Bureau 312 Saint-Laurent (Quebec) H4R 2M6",1,OK
106,"533 Rue Ontario E Bureau 330, Montréal, QC H2L 1N8, Canada",45.517564,-73.5645847,"45.517564,-73.5645847",ROOFTOP,ChIJx6FVYrQbyUwReSOAeyt5UfA,subpremise,H2L 1N8,"533, rue Ontario Est Bureau 330 Montréal (Quebec) H2L 1N8",1,OK
107,"132 Boulevard Sainte-Rose, Laval, QC H7L 2N4, Canada",45.6170476,-73.7820474,"45.6170476,-73.7820474",ROOFTOP,ChIJAUuEp-cmyUwRsB4W1sYOO88,premise,H7L 2N4,"132, boulevard Sainte-Rose Laval (Quebec) H7L 1K4",1,OK
108,"223 Rue Sainte-Catherine Bureau 100-200, Saint-Constant, QC J5A 1R5, Canada",45.3847088,-73.5864276,"45.3847088,-73.5864276",ROOFTOP,EksyMjMgUnVlIFNhaW50ZS1DYXRoZXJpbmUgQnVyZWF1IDEwMC0yMDAsIFNhaW50LUNvbnN0YW50LCBRQyBKNUEgMVI1LCBDYW5hZGEiKhooChYKFAoSCQWw8w0TEslMEa57uavjfN68Eg5CdXJlYXUgMTAwLTIwMA,subpremise,J5A 1R5,"223, rue Sainte-Catherine Bureau 100-200 Saint-Constant (Quebec) J5A 2H3",1,OK
109,"230 Rue King Ouest Bureau 301, Sherbrooke, QC J1H 1P9, Canada",45.3998932,-71.89251759999999,"45.3998932,-71.89251759999999",ROOFTOP,Ej0yMzAgUnVlIEtpbmcgT3Vlc3QgQnVyZWF1IDMwMSwgU2hlcmJyb29rZSwgUUMgSjFIIDFQOSwgQ2FuYWRhIiYaJAoWChQKEgmRwxwwELO3TBFqAuMAh936VxIKQnVyZWF1IDMwMQ,subpremise,J1H 1P9,"230, rue King Ouest Bureau 301 Sherbrooke (Quebec) J1H 1P9",1,OK
110,"607 QC-201, Saint-Clet, QC J0P 1S0, Canada",45.3530751,-74.2244453,"45.3530751,-74.2244453",ROOFTOP,ChIJfTDKObO0zkwRsq5Z52-w8Rk,street_address,J0P 1S0,"607, route 201 Saint-Clet (Quebec) J0P 1S0",1,OK
111,"498 Boulevard Roland-Therrien, Longueuil, QC J4H 3V9, Canada",45.545751,-73.493366,"45.545751,-73.493366",ROOFTOP,ChIJi_D5KqEcyUwRf-1hDZ4udmY,street_address,J4H 3V9,"498, boulevard Roland-Therrien Longueuil (Quebec) J4H 3V9",1,OK
112,"275 Rue du Parvis Bureau 300, Québec, QC G1K 6G7, Canada",46.8164648,-71.224575,"46.8164648,-71.224575",ROOFTOP,EjkyNzUgUnVlIGR1IFBhcnZpcyBCdXJlYXUgMzAwLCBRdcOpYmVjLCBRQyBHMUsgNkc3LCBDYW5hZGEiJhokChYKFAoSCa9sdFhylrhMEQCF0OqKIJEaEgpCdXJlYXUgMzAw,subpremise,G1K 6G7,"275, rue du Parvis Bureau 300 Québec (Quebec) G1K 6G7",1,OK
113,"3455 Boulevard de la Pinière local 101, Terrebonne, QC J6X 3M8, Canada",45.7241074,-73.6784918,"45.7241074,-73.6784918",ROOFTOP,EkczNDU1IEJvdWxldmFyZCBkZSBsYSBQaW5pw6hyZSBsb2NhbCAxMDEsIFRlcnJlYm9ubmUsIFFDIEo2WCAzTTgsIENhbmFkYSIlGiMKFgoUChIJLaIQaajeyEwRuiQ0VqOKFBsSCWxvY2FsIDEwMQ,subpremise,J6X 3M8,"3455, boulevard de la Pinière local 101 Terrebonne (Quebec) J6X 0A1",1,OK
114,"1500 Rue Royale Bureau 180, Trois-Rivières, QC G9A 2H6, Canada",46.34220140000001,-72.5446102,"46.34220140000001,-72.5446102",ROOFTOP,EjcxNTAwIFJ1ZSBSb3lhbGUgQnVyZWF1IDE4MCwgVHJvaXMtUml2acOocmVzLCBRQywgQ2FuYWRhIiYaJAoWChQKEgkRPa2DAcbHTBHWWXD8kYwWyRIKQnVyZWF1IDE4MA,subpremise,G9A 2H6,"1500, rue Royale Bureau 180 Trois-Rivières (Quebec) G9A 6E6",1,OK
115,"462 3e Rue Bureau 12, Chibougamau, QC G8P 1N7, Canada",49.9135003,-74.36178009999999,"49.9135003,-74.36178009999999",ROOFTOP,EjU0NjIgM2UgUnVlIEJ1cmVhdSAxMiwgQ2hpYm91Z2FtYXUsIFFDIEc4UCAxTjcsIENhbmFkYSIlGiMKFgoUChIJd0IrynT15kwRkRR25VZK0RASCUJ1cmVhdSAxMg,subpremise,G8P 1N7,"462, 3e Rue Bureau 12 Chibougamau (Quebec) G8P 1N7",1,OK
116,"5610 Chemin de Chambly, Saint-Hubert, QC J3Y 3P8, Canada",45.50186,-73.4152714,"45.50186,-73.4152714",ROOFTOP,ChIJhwEmnTcEyUwRHUMLtWv7BFw,premise,J3Y 3P8,"5610, chemin de Chambly Saint-Hubert (Quebec) J3Y 7E5",1,OK
117,"1170 Boulevard Lebourgneuf #311, Québec, QC G2K 2E3, Canada",46.8363781,-71.2924544,"46.8363781,-71.2924544",ROOFTOP,ChIJAQBAT-mXuEwRn0bctveSJ6E,subpremise,G2K 2E3,"1170, boulevard Lebourgneuf Bureau 311 Québec (Quebec) G2K 2E3",1,OK
118,"416 Boulevard Harwood, Vaudreuil-Dorion, QC J7V, Canada",45.378504,-74.0193479,"45.378504,-74.0193479",RANGE_INTERPOLATED,EjM0MTYgQm91bGV2YXJkIEhhcndvb2QsIFZhdWRyZXVpbC1Eb3Jpb24sIFFDLCBDYW5hZGEiGxIZChQKEgkHGGnPGUjJTBGxpLDTgN0g8xCgAw,street_address,J7V,"416, boulevard Harwood Vaudreuil-Dorion (Quebec) J7V 7H4",1,OK
119,"1625 Boulevard Lionel-Boulet Bureau 103, Varennes, QC J3X 1P7, Canada",45.62520629999999,-73.38107,"45.62520629999999,-73.38107",ROOFTOP,EkUxNjI1IEJvdWxldmFyZCBMaW9uZWwtQm91bGV0IEJ1cmVhdSAxMDMsIFZhcmVubmVzLCBRQyBKM1ggMVA3LCBDYW5hZGEiJhokChYKFAoSCXVBZeUM_chMER6b86bo-uDeEgpCdXJlYXUgMTAz,subpremise,J3X 1P7,"1625, boulevard Lionel-Boulet Bureau 103 Varennes (Quebec) J3X 1P7",1,OK
120,"4110 Rue Wellington Bureau 301, Verdun, QC H4G 1V7, Canada",45.4625059,-73.56688030000001,"45.4625059,-73.56688030000001",ROOFTOP,Ejo0MTEwIFJ1ZSBXZWxsaW5ndG9uIEJ1cmVhdSAzMDEsIFZlcmR1biwgUUMgSDRHIDFWNywgQ2FuYWRhIiYaJAoWChQKEglFOsglZBDJTBGcs2mxOc9T6hIKQnVyZWF1IDMwMQ,subpremise,H4G 1V7,"4110, rue Wellington Bureau 301 Verdun (Quebec) H4G 1V7",1,OK
121,"3333 Rue Jarry E #200, Montréal, QC H1Z 2E5, Canada",45.56492180000001,-73.6094955,"45.56492180000001,-73.6094955",ROOFTOP,ChIJSbqn9M0eyUwRzdxTttMdZ-w,"establishment,gym,health,point_of_interest",H1Z 2E5,"3333, Jarry Est Bureau 202 Montréal (Quebec) H1Z 2E5",1,OK
122,"4650 Boulevard des Laurentides Bureau 415, Laval, QC H7K 2J4, Canada",45.6156859,-73.74075789999999,"45.6156859,-73.74075789999999",ROOFTOP,EkQ0NjUwIEJvdWxldmFyZCBkZXMgTGF1cmVudGlkZXMgQnVyZWF1IDQxNSwgTGF2YWwsIFFDIEg3SyAySjQsIENhbmFkYSImGiQKFgoUChIJnR-IKSYhyUwRFq89TpJRBWsSCkJ1cmVhdSA0MTU,subpremise,H7K 2J4,"4650, boulevard des Laurentides Bureau 415 Laval (Quebec) H7K 2J4",1,OK
123,"1134 Rue Sainte-Catherine O 8e étage Bureau 801, Montréal, QC H3B 1H5, Canada",45.49944,-73.5732376,"45.49944,-73.5732376",ROOFTOP,EkcxMTM0IFJ1ZSBTYWludGUtQ2F0aGVyaW5lIE8gOGUgw6l0YWdlIEJ1cmVhdSA4MDEsIE1vbnRyw6lhbCwgUUMsIENhbmFkYSIwGi4KFgoUChIJiSNezUMayUwR4BMZ9THIWgwSFDhlIMOpdGFnZSBCdXJlYXUgODAx,subpremise,H3B 1H5,"1134, rue Sainte-Catherine Ouest, 8e étage Bureau 801 Montréal (Quebec) H3B 1H4",1,OK
124,"625 Chemin Principal, Cap-aux-Meules, QC G4T, Canada",47.3726728,-61.87879759999999,"47.3726728,-61.87879759999999",RANGE_INTERPOLATED,EjA2MjUgQ2hlbWluIFByaW5jaXBhbCwgQ2FwLWF1eC1NZXVsZXMsIFFDLCBDYW5hZGEiGxIZChQKEgmRySHM3wthSxGN8R2KTUCduxDxBA,street_address,G4T,"625, Chemin Principal Cap-aux-Meules (Quebec) G4T 1G3",1,OK
